source_id,source_sha256,source_sheet,source_row,source_cell_range,category,product,strength,size,total_mg,formulary_base_price,formulary_patient_pricing_plus_10,formulary_tier_1_minus_10,formulary_tier_2_minus_20,formulary_tier_3_minus_30,formulary_patient_price_formula,formulary_tier_1_formula,formulary_tier_2_formula,formulary_tier_3_formula,telehealth_sheet_row,telehealth_base_price,telehealth_tier_1_minus_30,telehealth_tier_2_minus_40,telehealth_tier_3_minus_50,telehealth_tier_1_formula,telehealth_tier_2_formula,telehealth_tier_3_formula
SRC-003,f17b923ba37e1b62a9d7c19be4ff29799a05189d36e59874f78b08d8998d5d0c,Formulary Pricing,2,A2:J2,Weight Management - Injection,Semaglutide/Glycine,2.5mg/5mg/ml,0.4ml,1mg,58.0,63.8,52.2,46.4,40.6,"IF(ISNUMBER(F2),F2*1.1,""Call for info"")","IF(ISNUMBER(F2),F2*0.9,""Call for info"")","IF(ISNUMBER(F2),F2*0.8,""Call for info"")","IF(ISNUMBER(F2),F2*0.7,""Call for info"")",11,58,40.6,34.8,29,"IF(ISNUMBER(E11),E11*(1-$B$6),""Call for info"")","IF(ISNUMBER(E11),E11*(1-$B$7),""Call for info"")","IF(ISNUMBER(E11),E11*(1-$B$8),""Call for info"")"
SRC-003,f17b923ba37e1b62a9d7c19be4ff29799a05189d36e59874f78b08d8998d5d0c,Formulary Pricing,3,A3:J3,Weight Management - Injection,Semaglutide/Glycine,2.5mg/5mg/ml,1ml,2.5mg,72.0,79.2,64.8,57.6,50.4,"IF(ISNUMBER(F3),F3*1.1,""Call for info"")","IF(ISNUMBER(F3),F3*0.9,""Call for info"")","IF(ISNUMBER(F3),F3*0.8,""Call for info"")","IF(ISNUMBER(F3),F3*0.7,""Call for info"")",12,72,50.4,43.2,36,"IF(ISNUMBER(E12),E12*(1-$B$6),""Call for info"")","IF(ISNUMBER(E12),E12*(1-$B$7),""Call for info"")","IF(ISNUMBER(E12),E12*(1-$B$8),""Call for info"")"
SRC-003,f17b923ba37e1b62a9d7c19be4ff29799a05189d36e59874f78b08d8998d5d0c,Formulary Pricing,4,A4:J4,Weight Management - Injection,Semaglutide/Glycine,2.5mg/5mg/ml,2ml,5mg,118.0,129.8,106.2,94.4,82.6,"IF(ISNUMBER(F4),F4*1.1,""Call for info"")","IF(ISNUMBER(F4),F4*0.9,""Call for info"")","IF(ISNUMBER(F4),F4*0.8,""Call for info"")","IF(ISNUMBER(F4),F4*0.7,""Call for info"")",13,118,82.6,70.8,59,"IF(ISNUMBER(E13),E13*(1-$B$6),""Call for info"")","IF(ISNUMBER(E13),E13*(1-$B$7),""Call for info"")","IF(ISNUMBER(E13),E13*(1-$B$8),""Call for info"")"
SRC-003,f17b923ba37e1b62a9d7c19be4ff29799a05189d36e59874f78b08d8998d5d0c,Formulary Pricing,5,A5:J5,Weight Management - Injection,Semaglutide/Glycine,2.5mg/5mg/ml,4ml,10mg,160.0,176,144,128,112,"IF(ISNUMBER(F5),F5*1.1,""Call for info"")","IF(ISNUMBER(F5),F5*0.9,""Call for info"")","IF(ISNUMBER(F5),F5*0.8,""Call for info"")","IF(ISNUMBER(F5),F5*0.7,""Call for info"")",14,160,112,96,80,"IF(ISNUMBER(E14),E14*(1-$B$6),""Call for info"")","IF(ISNUMBER(E14),E14*(1-$B$7),""Call for info"")","IF(ISNUMBER(E14),E14*(1-$B$8),""Call for info"")"
SRC-003,f17b923ba37e1b62a9d7c19be4ff29799a05189d36e59874f78b08d8998d5d0c,Formulary Pricing,6,A6:J6,Weight Management - Injection,Tirzepatide/Glycine,17mg/5mg/ml,1ml,17mg,140.0,154,126,112,98,"IF(ISNUMBER(F6),F6*1.1,""Call for info"")","IF(ISNUMBER(F6),F6*0.9,""Call for info"")","IF(ISNUMBER(F6),F6*0.8,""Call for info"")","IF(ISNUMBER(F6),F6*0.7,""Call for info"")",15,140,98,84,70,"IF(ISNUMBER(E15),E15*(1-$B$6),""Call for info"")","IF(ISNUMBER(E15),E15*(1-$B$7),""Call for info"")","IF(ISNUMBER(E15),E15*(1-$B$8),""Call for info"")"
SRC-003,f17b923ba37e1b62a9d7c19be4ff29799a05189d36e59874f78b08d8998d5d0c,Formulary Pricing,7,A7:J7,Weight Management - Injection,Tirzepatide/Glycine,17mg/5mg/ml,2ml,34mg,201.0,221.1,180.9,160.8,140.7,"IF(ISNUMBER(F7),F7*1.1,""Call for info"")","IF(ISNUMBER(F7),F7*0.9,""Call for info"")","IF(ISNUMBER(F7),F7*0.8,""Call for info"")","IF(ISNUMBER(F7),F7*0.7,""Call for info"")",16,201,140.7,120.6,100.5,"IF(ISNUMBER(E16),E16*(1-$B$6),""Call for info"")","IF(ISNUMBER(E16),E16*(1-$B$7),""Call for info"")","IF(ISNUMBER(E16),E16*(1-$B$8),""Call for info"")"
SRC-003,f17b923ba37e1b62a9d7c19be4ff29799a05189d36e59874f78b08d8998d5d0c,Formulary Pricing,8,A8:J8,Weight Management - Injection,Tirzepatide/Glycine,17mg/5mg/ml,3ml,51mg,228.0,250.8,205.2,182.4,159.6,"IF(ISNUMBER(F8),F8*1.1,""Call for info"")","IF(ISNUMBER(F8),F8*0.9,""Call for info"")","IF(ISNUMBER(F8),F8*0.8,""Call for info"")","IF(ISNUMBER(F8),F8*0.7,""Call for info"")",17,228,159.6,136.8,114,"IF(ISNUMBER(E17),E17*(1-$B$6),""Call for info"")","IF(ISNUMBER(E17),E17*(1-$B$7),""Call for info"")","IF(ISNUMBER(E17),E17*(1-$B$8),""Call for info"")"
SRC-003,f17b923ba37e1b62a9d7c19be4ff29799a05189d36e59874f78b08d8998d5d0c,Formulary Pricing,9,A9:J9,Weight Management - Injection,Tirzepatide/Glycine,17mg/5mg/ml,4ml,68mg,305.0,335.5,274.5,244,213.5,"IF(ISNUMBER(F9),F9*1.1,""Call for info"")","IF(ISNUMBER(F9),F9*0.9,""Call for info"")","IF(ISNUMBER(F9),F9*0.8,""Call for info"")","IF(ISNUMBER(F9),F9*0.7,""Call for info"")",18,305,213.5,183,152.5,"IF(ISNUMBER(E18),E18*(1-$B$6),""Call for info"")","IF(ISNUMBER(E18),E18*(1-$B$7),""Call for info"")","IF(ISNUMBER(E18),E18*(1-$B$8),""Call for info"")"
SRC-003,f17b923ba37e1b62a9d7c19be4ff29799a05189d36e59874f78b08d8998d5d0c,Formulary Pricing,10,A10:J10,Weight Management - Oral,Bupropion/Naltrexone MR,65mg/8mg,Each,-,1.1,1.21,0.99,0.88,0.77,"IF(ISNUMBER(F10),F10*1.1,""Call for info"")","IF(ISNUMBER(F10),F10*0.9,""Call for info"")","IF(ISNUMBER(F10),F10*0.8,""Call for info"")","IF(ISNUMBER(F10),F10*0.7,""Call for info"")",19,1.1,0.77,0.66,0.55,"IF(ISNUMBER(E19),E19*(1-$B$6),""Call for info"")","IF(ISNUMBER(E19),E19*(1-$B$7),""Call for info"")","IF(ISNUMBER(E19),E19*(1-$B$8),""Call for info"")"
SRC-003,f17b923ba37e1b62a9d7c19be4ff29799a05189d36e59874f78b08d8998d5d0c,Formulary Pricing,11,A11:J11,Weight Management - Oral,Bupropion/Naltrexone MR Capsules,90mg/6mg,Each,-,1.3,1.43,1.17,1.04,0.91,"IF(ISNUMBER(F11),F11*1.1,""Call for info"")","IF(ISNUMBER(F11),F11*0.9,""Call for info"")","IF(ISNUMBER(F11),F11*0.8,""Call for info"")","IF(ISNUMBER(F11),F11*0.7,""Call for info"")",20,1.3,0.91,0.78,0.65,"IF(ISNUMBER(E20),E20*(1-$B$6),""Call for info"")","IF(ISNUMBER(E20),E20*(1-$B$7),""Call for info"")","IF(ISNUMBER(E20),E20*(1-$B$8),""Call for info"")"
SRC-003,f17b923ba37e1b62a9d7c19be4ff29799a05189d36e59874f78b08d8998d5d0c,Formulary Pricing,12,A12:J12,Weight Management - Oral,Bupropion/Naltrexone MR Capsules,90mg/12mg,Each,-,1.4,1.54,1.26,1.12,0.98,"IF(ISNUMBER(F12),F12*1.1,""Call for info"")","IF(ISNUMBER(F12),F12*0.9,""Call for info"")","IF(ISNUMBER(F12),F12*0.8,""Call for info"")","IF(ISNUMBER(F12),F12*0.7,""Call for info"")",21,1.4,0.98,0.84,0.7,"IF(ISNUMBER(E21),E21*(1-$B$6),""Call for info"")","IF(ISNUMBER(E21),E21*(1-$B$7),""Call for info"")","IF(ISNUMBER(E21),E21*(1-$B$8),""Call for info"")"
SRC-003,f17b923ba37e1b62a9d7c19be4ff29799a05189d36e59874f78b08d8998d5d0c,Formulary Pricing,13,A13:J13,Weight Management - Oral,Bupropion/Naltrexone MR Capsules,180mg/12mg,Each,-,1.5,1.65,1.35,1.2,1.05,"IF(ISNUMBER(F13),F13*1.1,""Call for info"")","IF(ISNUMBER(F13),F13*0.9,""Call for info"")","IF(ISNUMBER(F13),F13*0.8,""Call for info"")","IF(ISNUMBER(F13),F13*0.7,""Call for info"")",22,1.5,1.05,0.9,0.75,"IF(ISNUMBER(E22),E22*(1-$B$6),""Call for info"")","IF(ISNUMBER(E22),E22*(1-$B$7),""Call for info"")","IF(ISNUMBER(E22),E22*(1-$B$8),""Call for info"")"
SRC-003,f17b923ba37e1b62a9d7c19be4ff29799a05189d36e59874f78b08d8998d5d0c,Formulary Pricing,14,A14:J14,Weight Management - Oral,Naltrexone Low Dose Capsules,"1mg, 1.5mg, 3mg, 4.5mg",Each,-,1.0,1.1,0.9,0.8,0.7,"IF(ISNUMBER(F14),F14*1.1,""Call for info"")","IF(ISNUMBER(F14),F14*0.9,""Call for info"")","IF(ISNUMBER(F14),F14*0.8,""Call for info"")","IF(ISNUMBER(F14),F14*0.7,""Call for info"")",23,1,0.7,0.6,0.5,"IF(ISNUMBER(E23),E23*(1-$B$6),""Call for info"")","IF(ISNUMBER(E23),E23*(1-$B$7),""Call for info"")","IF(ISNUMBER(E23),E23*(1-$B$8),""Call for info"")"
SRC-003,f17b923ba37e1b62a9d7c19be4ff29799a05189d36e59874f78b08d8998d5d0c,Formulary Pricing,15,A15:J15,Weight Management - Oral,Semaglutide Susp,4mg/ml,10ml,40mg,123.0,135.3,110.7,98.4,86.1,"IF(ISNUMBER(F15),F15*1.1,""Call for info"")","IF(ISNUMBER(F15),F15*0.9,""Call for info"")","IF(ISNUMBER(F15),F15*0.8,""Call for info"")","IF(ISNUMBER(F15),F15*0.7,""Call for info"")",24,123,86.1,73.8,61.5,"IF(ISNUMBER(E24),E24*(1-$B$6),""Call for info"")","IF(ISNUMBER(E24),E24*(1-$B$7),""Call for info"")","IF(ISNUMBER(E24),E24*(1-$B$8),""Call for info"")"
SRC-003,f17b923ba37e1b62a9d7c19be4ff29799a05189d36e59874f78b08d8998d5d0c,Formulary Pricing,16,A16:J16,Weight Management - Oral,Semaglutide Susp,4mg/ml,15ml,60mg,133.0,146.3,119.7,106.4,93.1,"IF(ISNUMBER(F16),F16*1.1,""Call for info"")","IF(ISNUMBER(F16),F16*0.9,""Call for info"")","IF(ISNUMBER(F16),F16*0.8,""Call for info"")","IF(ISNUMBER(F16),F16*0.7,""Call for info"")",25,133,93.1,79.8,66.5,"IF(ISNUMBER(E25),E25*(1-$B$6),""Call for info"")","IF(ISNUMBER(E25),E25*(1-$B$7),""Call for info"")","IF(ISNUMBER(E25),E25*(1-$B$8),""Call for info"")"
SRC-003,f17b923ba37e1b62a9d7c19be4ff29799a05189d36e59874f78b08d8998d5d0c,Formulary Pricing,17,A17:J17,Weight Management - Oral,Semaglutide Susp,8mg/ml,10ml,80mg,136.0,149.6,122.4,108.8,95.2,"IF(ISNUMBER(F17),F17*1.1,""Call for info"")","IF(ISNUMBER(F17),F17*0.9,""Call for info"")","IF(ISNUMBER(F17),F17*0.8,""Call for info"")","IF(ISNUMBER(F17),F17*0.7,""Call for info"")",26,136,95.2,81.6,68,"IF(ISNUMBER(E26),E26*(1-$B$6),""Call for info"")","IF(ISNUMBER(E26),E26*(1-$B$7),""Call for info"")","IF(ISNUMBER(E26),E26*(1-$B$8),""Call for info"")"
SRC-003,f17b923ba37e1b62a9d7c19be4ff29799a05189d36e59874f78b08d8998d5d0c,Formulary Pricing,18,A18:J18,Weight Management - Oral,Semaglutide Susp,8mg/ml,15ml,120mg,154.0,169.4,138.6,123.2,107.8,"IF(ISNUMBER(F18),F18*1.1,""Call for info"")","IF(ISNUMBER(F18),F18*0.9,""Call for info"")","IF(ISNUMBER(F18),F18*0.8,""Call for info"")","IF(ISNUMBER(F18),F18*0.7,""Call for info"")",27,154,107.8,92.4,77,"IF(ISNUMBER(E27),E27*(1-$B$6),""Call for info"")","IF(ISNUMBER(E27),E27*(1-$B$7),""Call for info"")","IF(ISNUMBER(E27),E27*(1-$B$8),""Call for info"")"
SRC-003,f17b923ba37e1b62a9d7c19be4ff29799a05189d36e59874f78b08d8998d5d0c,Formulary Pricing,19,A19:J19,Weight Management - Oral,Semaglutide Troche,0.5mg,30,-,75.0,82.5,67.5,60,52.5,"IF(ISNUMBER(F19),F19*1.1,""Call for info"")","IF(ISNUMBER(F19),F19*0.9,""Call for info"")","IF(ISNUMBER(F19),F19*0.8,""Call for info"")","IF(ISNUMBER(F19),F19*0.7,""Call for info"")",28,75,52.5,45,37.5,"IF(ISNUMBER(E28),E28*(1-$B$6),""Call for info"")","IF(ISNUMBER(E28),E28*(1-$B$7),""Call for info"")","IF(ISNUMBER(E28),E28*(1-$B$8),""Call for info"")"
SRC-003,f17b923ba37e1b62a9d7c19be4ff29799a05189d36e59874f78b08d8998d5d0c,Formulary Pricing,20,A20:J20,Weight Management - Oral,Semaglutide Troche,1mg,30,-,85.0,93.5,76.5,68,59.5,"IF(ISNUMBER(F20),F20*1.1,""Call for info"")","IF(ISNUMBER(F20),F20*0.9,""Call for info"")","IF(ISNUMBER(F20),F20*0.8,""Call for info"")","IF(ISNUMBER(F20),F20*0.7,""Call for info"")",29,85,59.5,51,42.5,"IF(ISNUMBER(E29),E29*(1-$B$6),""Call for info"")","IF(ISNUMBER(E29),E29*(1-$B$7),""Call for info"")","IF(ISNUMBER(E29),E29*(1-$B$8),""Call for info"")"
SRC-003,f17b923ba37e1b62a9d7c19be4ff29799a05189d36e59874f78b08d8998d5d0c,Formulary Pricing,21,A21:J21,Weight Management - Oral,Semaglutide Troche,2mg,30,-,105.0,115.5,94.5,84,73.5,"IF(ISNUMBER(F21),F21*1.1,""Call for info"")","IF(ISNUMBER(F21),F21*0.9,""Call for info"")","IF(ISNUMBER(F21),F21*0.8,""Call for info"")","IF(ISNUMBER(F21),F21*0.7,""Call for info"")",30,105,73.5,63,52.5,"IF(ISNUMBER(E30),E30*(1-$B$6),""Call for info"")","IF(ISNUMBER(E30),E30*(1-$B$7),""Call for info"")","IF(ISNUMBER(E30),E30*(1-$B$8),""Call for info"")"
SRC-003,f17b923ba37e1b62a9d7c19be4ff29799a05189d36e59874f78b08d8998d5d0c,Formulary Pricing,22,A22:J22,Weight Management - Oral,Semaglutide Troche,3mg,30,-,120.0,132,108,96,84,"IF(ISNUMBER(F22),F22*1.1,""Call for info"")","IF(ISNUMBER(F22),F22*0.9,""Call for info"")","IF(ISNUMBER(F22),F22*0.8,""Call for info"")","IF(ISNUMBER(F22),F22*0.7,""Call for info"")",31,120,84,72,60,"IF(ISNUMBER(E31),E31*(1-$B$6),""Call for info"")","IF(ISNUMBER(E31),E31*(1-$B$7),""Call for info"")","IF(ISNUMBER(E31),E31*(1-$B$8),""Call for info"")"
SRC-003,f17b923ba37e1b62a9d7c19be4ff29799a05189d36e59874f78b08d8998d5d0c,Formulary Pricing,23,A23:J23,Weight Management - Oral,Semaglutide Troche,4mg,30,-,135.0,148.5,121.5,108,94.5,"IF(ISNUMBER(F23),F23*1.1,""Call for info"")","IF(ISNUMBER(F23),F23*0.9,""Call for info"")","IF(ISNUMBER(F23),F23*0.8,""Call for info"")","IF(ISNUMBER(F23),F23*0.7,""Call for info"")",32,135,94.5,81,67.5,"IF(ISNUMBER(E32),E32*(1-$B$6),""Call for info"")","IF(ISNUMBER(E32),E32*(1-$B$7),""Call for info"")","IF(ISNUMBER(E32),E32*(1-$B$8),""Call for info"")"
SRC-003,f17b923ba37e1b62a9d7c19be4ff29799a05189d36e59874f78b08d8998d5d0c,Formulary Pricing,24,A24:J24,Weight Management - Oral,Semaglutide Troche,6mg,30,-,140.0,154,126,112,98,"IF(ISNUMBER(F24),F24*1.1,""Call for info"")","IF(ISNUMBER(F24),F24*0.9,""Call for info"")","IF(ISNUMBER(F24),F24*0.8,""Call for info"")","IF(ISNUMBER(F24),F24*0.7,""Call for info"")",33,140,98,84,70,"IF(ISNUMBER(E33),E33*(1-$B$6),""Call for info"")","IF(ISNUMBER(E33),E33*(1-$B$7),""Call for info"")","IF(ISNUMBER(E33),E33*(1-$B$8),""Call for info"")"
SRC-003,f17b923ba37e1b62a9d7c19be4ff29799a05189d36e59874f78b08d8998d5d0c,Formulary Pricing,25,A25:J25,Weight Management - Oral,Semaglutide Troche,8mg,30,-,150.0,165,135,120,105,"IF(ISNUMBER(F25),F25*1.1,""Call for info"")","IF(ISNUMBER(F25),F25*0.9,""Call for info"")","IF(ISNUMBER(F25),F25*0.8,""Call for info"")","IF(ISNUMBER(F25),F25*0.7,""Call for info"")",34,150,105,90,75,"IF(ISNUMBER(E34),E34*(1-$B$6),""Call for info"")","IF(ISNUMBER(E34),E34*(1-$B$7),""Call for info"")","IF(ISNUMBER(E34),E34*(1-$B$8),""Call for info"")"
SRC-003,f17b923ba37e1b62a9d7c19be4ff29799a05189d36e59874f78b08d8998d5d0c,Formulary Pricing,26,A26:J26,Women's & Men's Health - Injection,Bi-mix Injection MDV (Papaverine HCL/Phentolamine Mesylate),Custom Available,5ml,-,125.0,137.5,112.5,100,87.5,"IF(ISNUMBER(F26),F26*1.1,""Call for info"")","IF(ISNUMBER(F26),F26*0.9,""Call for info"")","IF(ISNUMBER(F26),F26*0.8,""Call for info"")","IF(ISNUMBER(F26),F26*0.7,""Call for info"")",35,125,87.5,75,62.5,"IF(ISNUMBER(E35),E35*(1-$B$6),""Call for info"")","IF(ISNUMBER(E35),E35*(1-$B$7),""Call for info"")","IF(ISNUMBER(E35),E35*(1-$B$8),""Call for info"")"
SRC-003,f17b923ba37e1b62a9d7c19be4ff29799a05189d36e59874f78b08d8998d5d0c,Formulary Pricing,27,A27:J27,Women's & Men's Health - Injection,Progesterone 50mg/mL - commercial,50mg/ml,10ml,500mg,51.0,56.1,45.9,40.8,35.7,"IF(ISNUMBER(F27),F27*1.1,""Call for info"")","IF(ISNUMBER(F27),F27*0.9,""Call for info"")","IF(ISNUMBER(F27),F27*0.8,""Call for info"")","IF(ISNUMBER(F27),F27*0.7,""Call for info"")",36,51,35.7,30.6,25.5,"IF(ISNUMBER(E36),E36*(1-$B$6),""Call for info"")","IF(ISNUMBER(E36),E36*(1-$B$7),""Call for info"")","IF(ISNUMBER(E36),E36*(1-$B$8),""Call for info"")"
SRC-003,f17b923ba37e1b62a9d7c19be4ff29799a05189d36e59874f78b08d8998d5d0c,Formulary Pricing,28,A28:J28,Women's & Men's Health - Injection,Testosterone Cypionate Inj (sesame oil),200mg/ml,2ml,400mg,30.0,33,27,24,21,"IF(ISNUMBER(F28),F28*1.1,""Call for info"")","IF(ISNUMBER(F28),F28*0.9,""Call for info"")","IF(ISNUMBER(F28),F28*0.8,""Call for info"")","IF(ISNUMBER(F28),F28*0.7,""Call for info"")",37,30,21,18,15,"IF(ISNUMBER(E37),E37*(1-$B$6),""Call for info"")","IF(ISNUMBER(E37),E37*(1-$B$7),""Call for info"")","IF(ISNUMBER(E37),E37*(1-$B$8),""Call for info"")"
SRC-003,f17b923ba37e1b62a9d7c19be4ff29799a05189d36e59874f78b08d8998d5d0c,Formulary Pricing,29,A29:J29,Women's & Men's Health - Injection,Testosterone/Anastrozole Inj,200mg/1mg/ml,4ml,800mg/4mg,75.0,82.5,67.5,60,52.5,"IF(ISNUMBER(F29),F29*1.1,""Call for info"")","IF(ISNUMBER(F29),F29*0.9,""Call for info"")","IF(ISNUMBER(F29),F29*0.8,""Call for info"")","IF(ISNUMBER(F29),F29*0.7,""Call for info"")",38,75,52.5,45,37.5,"IF(ISNUMBER(E38),E38*(1-$B$6),""Call for info"")","IF(ISNUMBER(E38),E38*(1-$B$7),""Call for info"")","IF(ISNUMBER(E38),E38*(1-$B$8),""Call for info"")"
SRC-003,f17b923ba37e1b62a9d7c19be4ff29799a05189d36e59874f78b08d8998d5d0c,Formulary Pricing,30,A30:J30,Women's & Men's Health - Injection,Tri-mix Injection MDV (Papaverine HCL/Phentolamine Mesylate/Alprostadil),Custom Available,5ml,-,125.0,137.5,112.5,100,87.5,"IF(ISNUMBER(F30),F30*1.1,""Call for info"")","IF(ISNUMBER(F30),F30*0.9,""Call for info"")","IF(ISNUMBER(F30),F30*0.8,""Call for info"")","IF(ISNUMBER(F30),F30*0.7,""Call for info"")",39,125,87.5,75,62.5,"IF(ISNUMBER(E39),E39*(1-$B$6),""Call for info"")","IF(ISNUMBER(E39),E39*(1-$B$7),""Call for info"")","IF(ISNUMBER(E39),E39*(1-$B$8),""Call for info"")"
SRC-003,f17b923ba37e1b62a9d7c19be4ff29799a05189d36e59874f78b08d8998d5d0c,Formulary Pricing,31,A31:J31,Women's & Men's Health - Topical,"Hormone Cream (Estradiol, Estradiol/DHEA, Estradiol/Testosterone, Estriol, Testosterone)",Any,30 grams,-,49.0,53.9,44.1,39.2,34.3,"IF(ISNUMBER(F31),F31*1.1,""Call for info"")","IF(ISNUMBER(F31),F31*0.9,""Call for info"")","IF(ISNUMBER(F31),F31*0.8,""Call for info"")","IF(ISNUMBER(F31),F31*0.7,""Call for info"")",40,49,34.3,29.4,24.5,"IF(ISNUMBER(E40),E40*(1-$B$6),""Call for info"")","IF(ISNUMBER(E40),E40*(1-$B$7),""Call for info"")","IF(ISNUMBER(E40),E40*(1-$B$8),""Call for info"")"
SRC-003,f17b923ba37e1b62a9d7c19be4ff29799a05189d36e59874f78b08d8998d5d0c,Formulary Pricing,32,A32:J32,Women's & Men's Health - Topical,"Hormone Cream (Estradiol, Estradiol/DHEA, Estradiol/Testosterone, Estriol, Testosterone)",Any,60 grams,-,69.0,75.9,62.1,55.2,48.3,"IF(ISNUMBER(F32),F32*1.1,""Call for info"")","IF(ISNUMBER(F32),F32*0.9,""Call for info"")","IF(ISNUMBER(F32),F32*0.8,""Call for info"")","IF(ISNUMBER(F32),F32*0.7,""Call for info"")",41,69,48.3,41.4,34.5,"IF(ISNUMBER(E41),E41*(1-$B$6),""Call for info"")","IF(ISNUMBER(E41),E41*(1-$B$7),""Call for info"")","IF(ISNUMBER(E41),E41*(1-$B$8),""Call for info"")"
SRC-003,f17b923ba37e1b62a9d7c19be4ff29799a05189d36e59874f78b08d8998d5d0c,Formulary Pricing,33,A33:J33,Women's & Men's Health - Topical,"Hormone Cream (Estradiol, Estradiol/DHEA, Estradiol/Testosterone, Estriol, Testosterone)",Any,90 grams,-,89.0,97.9,80.1,71.2,62.3,"IF(ISNUMBER(F33),F33*1.1,""Call for info"")","IF(ISNUMBER(F33),F33*0.9,""Call for info"")","IF(ISNUMBER(F33),F33*0.8,""Call for info"")","IF(ISNUMBER(F33),F33*0.7,""Call for info"")",42,89,62.3,53.4,44.5,"IF(ISNUMBER(E42),E42*(1-$B$6),""Call for info"")","IF(ISNUMBER(E42),E42*(1-$B$7),""Call for info"")","IF(ISNUMBER(E42),E42*(1-$B$8),""Call for info"")"
SRC-003,f17b923ba37e1b62a9d7c19be4ff29799a05189d36e59874f78b08d8998d5d0c,Formulary Pricing,34,A34:J34,Women's & Men's Health - Suppository,Boric Acid,600mg,Each,-,1.0,1.1,0.9,0.8,0.7,"IF(ISNUMBER(F34),F34*1.1,""Call for info"")","IF(ISNUMBER(F34),F34*0.9,""Call for info"")","IF(ISNUMBER(F34),F34*0.8,""Call for info"")","IF(ISNUMBER(F34),F34*0.7,""Call for info"")",43,1,0.7,0.6,0.5,"IF(ISNUMBER(E43),E43*(1-$B$6),""Call for info"")","IF(ISNUMBER(E43),E43*(1-$B$7),""Call for info"")","IF(ISNUMBER(E43),E43*(1-$B$8),""Call for info"")"
SRC-003,f17b923ba37e1b62a9d7c19be4ff29799a05189d36e59874f78b08d8998d5d0c,Formulary Pricing,35,A35:J35,Women's & Men's Health - Suppository,Progesterone,call for info,call for info,-,Call for info,Call for info,Call for info,Call for info,Call for info,"IF(ISNUMBER(F35),F35*1.1,""Call for info"")","IF(ISNUMBER(F35),F35*0.9,""Call for info"")","IF(ISNUMBER(F35),F35*0.8,""Call for info"")","IF(ISNUMBER(F35),F35*0.7,""Call for info"")",44,Call for info,Call for info,Call for info,Call for info,"IF(ISNUMBER(E44),E44*(1-$B$6),""Call for info"")","IF(ISNUMBER(E44),E44*(1-$B$7),""Call for info"")","IF(ISNUMBER(E44),E44*(1-$B$8),""Call for info"")"
SRC-003,f17b923ba37e1b62a9d7c19be4ff29799a05189d36e59874f78b08d8998d5d0c,Formulary Pricing,36,A36:J36,Women's & Men's Health - Suppository,Sildenafil 25mg,25mg,Each,-,3.0,3.3,2.7,2.4,2.1,"IF(ISNUMBER(F36),F36*1.1,""Call for info"")","IF(ISNUMBER(F36),F36*0.9,""Call for info"")","IF(ISNUMBER(F36),F36*0.8,""Call for info"")","IF(ISNUMBER(F36),F36*0.7,""Call for info"")",45,3,2.1,1.8,1.5,"IF(ISNUMBER(E45),E45*(1-$B$6),""Call for info"")","IF(ISNUMBER(E45),E45*(1-$B$7),""Call for info"")","IF(ISNUMBER(E45),E45*(1-$B$8),""Call for info"")"
SRC-003,f17b923ba37e1b62a9d7c19be4ff29799a05189d36e59874f78b08d8998d5d0c,Formulary Pricing,37,A37:J37,Women's & Men's Health - Oral,Anastrozole Capsule,"0.1mg, 0.25mg, 1mg",Each,-,1.33,1.463,1.197,1.064,0.931,"IF(ISNUMBER(F37),F37*1.1,""Call for info"")","IF(ISNUMBER(F37),F37*0.9,""Call for info"")","IF(ISNUMBER(F37),F37*0.8,""Call for info"")","IF(ISNUMBER(F37),F37*0.7,""Call for info"")",46,1.33,0.931,0.798,0.665,"IF(ISNUMBER(E46),E46*(1-$B$6),""Call for info"")","IF(ISNUMBER(E46),E46*(1-$B$7),""Call for info"")","IF(ISNUMBER(E46),E46*(1-$B$8),""Call for info"")"
SRC-003,f17b923ba37e1b62a9d7c19be4ff29799a05189d36e59874f78b08d8998d5d0c,Formulary Pricing,38,A38:J38,Women's & Men's Health - Oral,Anastrozole/Clomiphene Capsule,0.2mg/25mg,30 days,-,52.0,57.2,46.8,41.6,36.4,"IF(ISNUMBER(F38),F38*1.1,""Call for info"")","IF(ISNUMBER(F38),F38*0.9,""Call for info"")","IF(ISNUMBER(F38),F38*0.8,""Call for info"")","IF(ISNUMBER(F38),F38*0.7,""Call for info"")",47,52,36.4,31.2,26,"IF(ISNUMBER(E47),E47*(1-$B$6),""Call for info"")","IF(ISNUMBER(E47),E47*(1-$B$7),""Call for info"")","IF(ISNUMBER(E47),E47*(1-$B$8),""Call for info"")"
SRC-003,f17b923ba37e1b62a9d7c19be4ff29799a05189d36e59874f78b08d8998d5d0c,Formulary Pricing,39,A39:J39,Women's & Men's Health - Oral,Clomiphene Capsule (commercially available),"25mg, 50mg",Each,-,1.4,1.54,1.26,1.12,0.98,"IF(ISNUMBER(F39),F39*1.1,""Call for info"")","IF(ISNUMBER(F39),F39*0.9,""Call for info"")","IF(ISNUMBER(F39),F39*0.8,""Call for info"")","IF(ISNUMBER(F39),F39*0.7,""Call for info"")",48,1.4,0.98,0.84,0.7,"IF(ISNUMBER(E48),E48*(1-$B$6),""Call for info"")","IF(ISNUMBER(E48),E48*(1-$B$7),""Call for info"")","IF(ISNUMBER(E48),E48*(1-$B$8),""Call for info"")"
SRC-003,f17b923ba37e1b62a9d7c19be4ff29799a05189d36e59874f78b08d8998d5d0c,Formulary Pricing,40,A40:J40,Women's & Men's Health - Oral,DHEA Capsule,10mg,Each,-,0.6,0.66,0.54,0.48,0.42,"IF(ISNUMBER(F40),F40*1.1,""Call for info"")","IF(ISNUMBER(F40),F40*0.9,""Call for info"")","IF(ISNUMBER(F40),F40*0.8,""Call for info"")","IF(ISNUMBER(F40),F40*0.7,""Call for info"")",49,0.6,0.42,0.36,0.3,"IF(ISNUMBER(E49),E49*(1-$B$6),""Call for info"")","IF(ISNUMBER(E49),E49*(1-$B$7),""Call for info"")","IF(ISNUMBER(E49),E49*(1-$B$8),""Call for info"")"
SRC-003,f17b923ba37e1b62a9d7c19be4ff29799a05189d36e59874f78b08d8998d5d0c,Formulary Pricing,41,A41:J41,Women's & Men's Health - Oral,Enclomiphene Capsule,"6.25mg, 12.5mg, 25mg",Each,-,2.5,2.75,2.25,2,1.75,"IF(ISNUMBER(F41),F41*1.1,""Call for info"")","IF(ISNUMBER(F41),F41*0.9,""Call for info"")","IF(ISNUMBER(F41),F41*0.8,""Call for info"")","IF(ISNUMBER(F41),F41*0.7,""Call for info"")",50,2.5,1.75,1.5,1.25,"IF(ISNUMBER(E50),E50*(1-$B$6),""Call for info"")","IF(ISNUMBER(E50),E50*(1-$B$7),""Call for info"")","IF(ISNUMBER(E50),E50*(1-$B$8),""Call for info"")"
SRC-003,f17b923ba37e1b62a9d7c19be4ff29799a05189d36e59874f78b08d8998d5d0c,Formulary Pricing,42,A42:J42,Women's & Men's Health - Oral,"Hormone Troches, once a day (Bi-Est, DHEA, Pregnenolone, Progesterone, Testosterone)",Any,#30,-,49.0,53.9,44.1,39.2,34.3,"IF(ISNUMBER(F42),F42*1.1,""Call for info"")","IF(ISNUMBER(F42),F42*0.9,""Call for info"")","IF(ISNUMBER(F42),F42*0.8,""Call for info"")","IF(ISNUMBER(F42),F42*0.7,""Call for info"")",51,49,34.3,29.4,24.5,"IF(ISNUMBER(E51),E51*(1-$B$6),""Call for info"")","IF(ISNUMBER(E51),E51*(1-$B$7),""Call for info"")","IF(ISNUMBER(E51),E51*(1-$B$8),""Call for info"")"
SRC-003,f17b923ba37e1b62a9d7c19be4ff29799a05189d36e59874f78b08d8998d5d0c,Formulary Pricing,43,A43:J43,Women's & Men's Health - Oral,"Hormone Troches, once a day (Bi-Est, DHEA, Pregnenolone, Progesterone, Testosterone)",Any,#60,-,84.0,92.4,75.6,67.2,58.8,"IF(ISNUMBER(F43),F43*1.1,""Call for info"")","IF(ISNUMBER(F43),F43*0.9,""Call for info"")","IF(ISNUMBER(F43),F43*0.8,""Call for info"")","IF(ISNUMBER(F43),F43*0.7,""Call for info"")",52,84,58.8,50.4,42,"IF(ISNUMBER(E52),E52*(1-$B$6),""Call for info"")","IF(ISNUMBER(E52),E52*(1-$B$7),""Call for info"")","IF(ISNUMBER(E52),E52*(1-$B$8),""Call for info"")"
SRC-003,f17b923ba37e1b62a9d7c19be4ff29799a05189d36e59874f78b08d8998d5d0c,Formulary Pricing,44,A44:J44,Women's & Men's Health - Oral,"Hormone Troches, twice a day (Bi-Est, DHEA, Pregnenolone, Progesterone, Testosterone)",Any,#90,-,95.0,104.5,85.5,76,66.5,"IF(ISNUMBER(F44),F44*1.1,""Call for info"")","IF(ISNUMBER(F44),F44*0.9,""Call for info"")","IF(ISNUMBER(F44),F44*0.8,""Call for info"")","IF(ISNUMBER(F44),F44*0.7,""Call for info"")",53,95,66.5,57,47.5,"IF(ISNUMBER(E53),E53*(1-$B$6),""Call for info"")","IF(ISNUMBER(E53),E53*(1-$B$7),""Call for info"")","IF(ISNUMBER(E53),E53*(1-$B$8),""Call for info"")"
SRC-003,f17b923ba37e1b62a9d7c19be4ff29799a05189d36e59874f78b08d8998d5d0c,Formulary Pricing,45,A45:J45,Women's & Men's Health - Oral,"Hormone Troches, twice a day (Bi-Est, DHEA, Pregnenolone, Progesterone, Testosterone)",Any,#60,-,63.0,69.3,56.7,50.4,44.1,"IF(ISNUMBER(F45),F45*1.1,""Call for info"")","IF(ISNUMBER(F45),F45*0.9,""Call for info"")","IF(ISNUMBER(F45),F45*0.8,""Call for info"")","IF(ISNUMBER(F45),F45*0.7,""Call for info"")",54,63,44.1,37.8,31.5,"IF(ISNUMBER(E54),E54*(1-$B$6),""Call for info"")","IF(ISNUMBER(E54),E54*(1-$B$7),""Call for info"")","IF(ISNUMBER(E54),E54*(1-$B$8),""Call for info"")"
SRC-003,f17b923ba37e1b62a9d7c19be4ff29799a05189d36e59874f78b08d8998d5d0c,Formulary Pricing,46,A46:J46,Women's & Men's Health - Oral,"Hormone Troches, twice a day (Bi-Est, DHEA, Pregnenolone, Progesterone, Testosterone)",Any,#120,-,121.0,133.1,108.9,96.8,84.7,"IF(ISNUMBER(F46),F46*1.1,""Call for info"")","IF(ISNUMBER(F46),F46*0.9,""Call for info"")","IF(ISNUMBER(F46),F46*0.8,""Call for info"")","IF(ISNUMBER(F46),F46*0.7,""Call for info"")",55,121,84.7,72.6,60.5,"IF(ISNUMBER(E55),E55*(1-$B$6),""Call for info"")","IF(ISNUMBER(E55),E55*(1-$B$7),""Call for info"")","IF(ISNUMBER(E55),E55*(1-$B$8),""Call for info"")"
SRC-003,f17b923ba37e1b62a9d7c19be4ff29799a05189d36e59874f78b08d8998d5d0c,Formulary Pricing,47,A47:J47,Women's & Men's Health - Oral,Progesterone Capsule,"50mg, 100mg, 150mg, 200mg",Each,-,1.0,1.1,0.9,0.8,0.7,"IF(ISNUMBER(F47),F47*1.1,""Call for info"")","IF(ISNUMBER(F47),F47*0.9,""Call for info"")","IF(ISNUMBER(F47),F47*0.8,""Call for info"")","IF(ISNUMBER(F47),F47*0.7,""Call for info"")",56,1,0.7,0.6,0.5,"IF(ISNUMBER(E56),E56*(1-$B$6),""Call for info"")","IF(ISNUMBER(E56),E56*(1-$B$7),""Call for info"")","IF(ISNUMBER(E56),E56*(1-$B$8),""Call for info"")"
SRC-003,f17b923ba37e1b62a9d7c19be4ff29799a05189d36e59874f78b08d8998d5d0c,Formulary Pricing,48,A48:J48,Women's & Men's Health - Oral,Progesterone Capsule (modified release),100mg or 200mg,Each,-,1.0,1.1,0.9,0.8,0.7,"IF(ISNUMBER(F48),F48*1.1,""Call for info"")","IF(ISNUMBER(F48),F48*0.9,""Call for info"")","IF(ISNUMBER(F48),F48*0.8,""Call for info"")","IF(ISNUMBER(F48),F48*0.7,""Call for info"")",57,1,0.7,0.6,0.5,"IF(ISNUMBER(E57),E57*(1-$B$6),""Call for info"")","IF(ISNUMBER(E57),E57*(1-$B$7),""Call for info"")","IF(ISNUMBER(E57),E57*(1-$B$8),""Call for info"")"
SRC-003,f17b923ba37e1b62a9d7c19be4ff29799a05189d36e59874f78b08d8998d5d0c,Formulary Pricing,49,A49:J49,Women's & Men's Health - Oral,Sildenafil Troche,100mg,30,-,150.0,165,135,120,105,"IF(ISNUMBER(F49),F49*1.1,""Call for info"")","IF(ISNUMBER(F49),F49*0.9,""Call for info"")","IF(ISNUMBER(F49),F49*0.8,""Call for info"")","IF(ISNUMBER(F49),F49*0.7,""Call for info"")",58,150,105,90,75,"IF(ISNUMBER(E58),E58*(1-$B$6),""Call for info"")","IF(ISNUMBER(E58),E58*(1-$B$7),""Call for info"")","IF(ISNUMBER(E58),E58*(1-$B$8),""Call for info"")"
SRC-003,f17b923ba37e1b62a9d7c19be4ff29799a05189d36e59874f78b08d8998d5d0c,Formulary Pricing,50,A50:J50,Women's & Men's Health - Oral,Sildenafil/Tadalafil Troche,50mg/10mg,30,-,150.0,165,135,120,105,"IF(ISNUMBER(F50),F50*1.1,""Call for info"")","IF(ISNUMBER(F50),F50*0.9,""Call for info"")","IF(ISNUMBER(F50),F50*0.8,""Call for info"")","IF(ISNUMBER(F50),F50*0.7,""Call for info"")",59,150,105,90,75,"IF(ISNUMBER(E59),E59*(1-$B$6),""Call for info"")","IF(ISNUMBER(E59),E59*(1-$B$7),""Call for info"")","IF(ISNUMBER(E59),E59*(1-$B$8),""Call for info"")"
SRC-003,f17b923ba37e1b62a9d7c19be4ff29799a05189d36e59874f78b08d8998d5d0c,Formulary Pricing,51,A51:J51,Women's & Men's Health - Oral,Tadalafil Troche,10mg,30,-,60.0,66,54,48,42,"IF(ISNUMBER(F51),F51*1.1,""Call for info"")","IF(ISNUMBER(F51),F51*0.9,""Call for info"")","IF(ISNUMBER(F51),F51*0.8,""Call for info"")","IF(ISNUMBER(F51),F51*0.7,""Call for info"")",60,60,42,36,30,"IF(ISNUMBER(E60),E60*(1-$B$6),""Call for info"")","IF(ISNUMBER(E60),E60*(1-$B$7),""Call for info"")","IF(ISNUMBER(E60),E60*(1-$B$8),""Call for info"")"
SRC-003,f17b923ba37e1b62a9d7c19be4ff29799a05189d36e59874f78b08d8998d5d0c,Formulary Pricing,52,A52:J52,Women's & Men's Health - Oral,Tadalafil Troche,20mg,30,-,75.0,82.5,67.5,60,52.5,"IF(ISNUMBER(F52),F52*1.1,""Call for info"")","IF(ISNUMBER(F52),F52*0.9,""Call for info"")","IF(ISNUMBER(F52),F52*0.8,""Call for info"")","IF(ISNUMBER(F52),F52*0.7,""Call for info"")",61,75,52.5,45,37.5,"IF(ISNUMBER(E61),E61*(1-$B$6),""Call for info"")","IF(ISNUMBER(E61),E61*(1-$B$7),""Call for info"")","IF(ISNUMBER(E61),E61*(1-$B$8),""Call for info"")"
SRC-003,f17b923ba37e1b62a9d7c19be4ff29799a05189d36e59874f78b08d8998d5d0c,Formulary Pricing,53,A53:J53,"IV, Wellness, & Metabolic Therapies - Injection",Alpha Lipoic Acid Injection SDV (PF),25mg/ml,4ml,100mg,Call for info,Call for info,Call for info,Call for info,Call for info,"IF(ISNUMBER(F53),F53*1.1,""Call for info"")","IF(ISNUMBER(F53),F53*0.9,""Call for info"")","IF(ISNUMBER(F53),F53*0.8,""Call for info"")","IF(ISNUMBER(F53),F53*0.7,""Call for info"")",62,Call for info,Call for info,Call for info,Call for info,"IF(ISNUMBER(E62),E62*(1-$B$6),""Call for info"")","IF(ISNUMBER(E62),E62*(1-$B$7),""Call for info"")","IF(ISNUMBER(E62),E62*(1-$B$8),""Call for info"")"
SRC-003,f17b923ba37e1b62a9d7c19be4ff29799a05189d36e59874f78b08d8998d5d0c,Formulary Pricing,54,A54:J54,"IV, Wellness, & Metabolic Therapies - Injection",Ascorbic Acid Injection MDV,500mg/ml,100ml,"50,000mg",99.0,108.9,89.1,79.2,69.3,"IF(ISNUMBER(F54),F54*1.1,""Call for info"")","IF(ISNUMBER(F54),F54*0.9,""Call for info"")","IF(ISNUMBER(F54),F54*0.8,""Call for info"")","IF(ISNUMBER(F54),F54*0.7,""Call for info"")",63,99,69.3,59.4,49.5,"IF(ISNUMBER(E63),E63*(1-$B$6),""Call for info"")","IF(ISNUMBER(E63),E63*(1-$B$7),""Call for info"")","IF(ISNUMBER(E63),E63*(1-$B$8),""Call for info"")"
SRC-003,f17b923ba37e1b62a9d7c19be4ff29799a05189d36e59874f78b08d8998d5d0c,Formulary Pricing,55,A55:J55,"IV, Wellness, & Metabolic Therapies - Injection",Ascorbic Acid Injection SDV,500mg/ml,30ml,"15,000mg",49.0,53.9,44.1,39.2,34.3,"IF(ISNUMBER(F55),F55*1.1,""Call for info"")","IF(ISNUMBER(F55),F55*0.9,""Call for info"")","IF(ISNUMBER(F55),F55*0.8,""Call for info"")","IF(ISNUMBER(F55),F55*0.7,""Call for info"")",64,49,34.3,29.4,24.5,"IF(ISNUMBER(E64),E64*(1-$B$6),""Call for info"")","IF(ISNUMBER(E64),E64*(1-$B$7),""Call for info"")","IF(ISNUMBER(E64),E64*(1-$B$8),""Call for info"")"
SRC-003,f17b923ba37e1b62a9d7c19be4ff29799a05189d36e59874f78b08d8998d5d0c,Formulary Pricing,56,A56:J56,"IV, Wellness, & Metabolic Therapies - Injection",Calcium Gluconate Injection,85mg/ml,5ml,425mg,75.0,82.5,67.5,60,52.5,"IF(ISNUMBER(F56),F56*1.1,""Call for info"")","IF(ISNUMBER(F56),F56*0.9,""Call for info"")","IF(ISNUMBER(F56),F56*0.8,""Call for info"")","IF(ISNUMBER(F56),F56*0.7,""Call for info"")",65,75,52.5,45,37.5,"IF(ISNUMBER(E65),E65*(1-$B$6),""Call for info"")","IF(ISNUMBER(E65),E65*(1-$B$7),""Call for info"")","IF(ISNUMBER(E65),E65*(1-$B$8),""Call for info"")"
SRC-003,f17b923ba37e1b62a9d7c19be4ff29799a05189d36e59874f78b08d8998d5d0c,Formulary Pricing,57,A57:J57,"IV, Wellness, & Metabolic Therapies - Injection",Folic Acid injection (commercial),call for info,1ml,-,Call for info,Call for info,Call for info,Call for info,Call for info,"IF(ISNUMBER(F57),F57*1.1,""Call for info"")","IF(ISNUMBER(F57),F57*0.9,""Call for info"")","IF(ISNUMBER(F57),F57*0.8,""Call for info"")","IF(ISNUMBER(F57),F57*0.7,""Call for info"")",66,Call for info,Call for info,Call for info,Call for info,"IF(ISNUMBER(E66),E66*(1-$B$6),""Call for info"")","IF(ISNUMBER(E66),E66*(1-$B$7),""Call for info"")","IF(ISNUMBER(E66),E66*(1-$B$8),""Call for info"")"
SRC-003,f17b923ba37e1b62a9d7c19be4ff29799a05189d36e59874f78b08d8998d5d0c,Formulary Pricing,58,A58:J58,"IV, Wellness, & Metabolic Therapies - Injection",Glutathione Injection MDV,200mg/ml,4ml,800mg,Call for info,Call for info,Call for info,Call for info,Call for info,"IF(ISNUMBER(F58),F58*1.1,""Call for info"")","IF(ISNUMBER(F58),F58*0.9,""Call for info"")","IF(ISNUMBER(F58),F58*0.8,""Call for info"")","IF(ISNUMBER(F58),F58*0.7,""Call for info"")",67,Call for info,Call for info,Call for info,Call for info,"IF(ISNUMBER(E67),E67*(1-$B$6),""Call for info"")","IF(ISNUMBER(E67),E67*(1-$B$7),""Call for info"")","IF(ISNUMBER(E67),E67*(1-$B$8),""Call for info"")"
SRC-003,f17b923ba37e1b62a9d7c19be4ff29799a05189d36e59874f78b08d8998d5d0c,Formulary Pricing,59,A59:J59,"IV, Wellness, & Metabolic Therapies - Injection",Magnesium Chloride Injection MDV (commercial),20%,50ml,-,Call for info,Call for info,Call for info,Call for info,Call for info,"IF(ISNUMBER(F59),F59*1.1,""Call for info"")","IF(ISNUMBER(F59),F59*0.9,""Call for info"")","IF(ISNUMBER(F59),F59*0.8,""Call for info"")","IF(ISNUMBER(F59),F59*0.7,""Call for info"")",68,Call for info,Call for info,Call for info,Call for info,"IF(ISNUMBER(E68),E68*(1-$B$6),""Call for info"")","IF(ISNUMBER(E68),E68*(1-$B$7),""Call for info"")","IF(ISNUMBER(E68),E68*(1-$B$8),""Call for info"")"
SRC-003,f17b923ba37e1b62a9d7c19be4ff29799a05189d36e59874f78b08d8998d5d0c,Formulary Pricing,60,A60:J60,"IV, Wellness, & Metabolic Therapies - Injection",Magnesium Chloride Injection SDV (PF),200mg/ml,30ml,6000mg,Call for info,Call for info,Call for info,Call for info,Call for info,"IF(ISNUMBER(F60),F60*1.1,""Call for info"")","IF(ISNUMBER(F60),F60*0.9,""Call for info"")","IF(ISNUMBER(F60),F60*0.8,""Call for info"")","IF(ISNUMBER(F60),F60*0.7,""Call for info"")",69,Call for info,Call for info,Call for info,Call for info,"IF(ISNUMBER(E69),E69*(1-$B$6),""Call for info"")","IF(ISNUMBER(E69),E69*(1-$B$7),""Call for info"")","IF(ISNUMBER(E69),E69*(1-$B$8),""Call for info"")"
SRC-003,f17b923ba37e1b62a9d7c19be4ff29799a05189d36e59874f78b08d8998d5d0c,Formulary Pricing,61,A61:J61,"IV, Wellness, & Metabolic Therapies - Injection",Methylcobalamin Injection MDV,5mg/ml,4ml,20mg,18.7,20.57,16.83,14.96,13.09,"IF(ISNUMBER(F61),F61*1.1,""Call for info"")","IF(ISNUMBER(F61),F61*0.9,""Call for info"")","IF(ISNUMBER(F61),F61*0.8,""Call for info"")","IF(ISNUMBER(F61),F61*0.7,""Call for info"")",70,18.7,13.09,11.22,9.35,"IF(ISNUMBER(E70),E70*(1-$B$6),""Call for info"")","IF(ISNUMBER(E70),E70*(1-$B$7),""Call for info"")","IF(ISNUMBER(E70),E70*(1-$B$8),""Call for info"")"
SRC-003,f17b923ba37e1b62a9d7c19be4ff29799a05189d36e59874f78b08d8998d5d0c,Formulary Pricing,62,A62:J62,"IV, Wellness, & Metabolic Therapies - Injection",Methylcobalamin Injection MDV,10mg/ml,4ml,40mg,32.1,35.31,28.89,25.68,22.47,"IF(ISNUMBER(F62),F62*1.1,""Call for info"")","IF(ISNUMBER(F62),F62*0.9,""Call for info"")","IF(ISNUMBER(F62),F62*0.8,""Call for info"")","IF(ISNUMBER(F62),F62*0.7,""Call for info"")",71,32.1,22.47,19.26,16.05,"IF(ISNUMBER(E71),E71*(1-$B$6),""Call for info"")","IF(ISNUMBER(E71),E71*(1-$B$7),""Call for info"")","IF(ISNUMBER(E71),E71*(1-$B$8),""Call for info"")"
SRC-003,f17b923ba37e1b62a9d7c19be4ff29799a05189d36e59874f78b08d8998d5d0c,Formulary Pricing,63,A63:J63,"IV, Wellness, & Metabolic Therapies - Injection",Myers like Cocktail (Ascorbic Acid/Calcium Chloride/Hydroxocobalamin/Magnesium Chloride/Pyridoxine/Riboflavin-5-Phosphate/Thiamine Injection (PF)),2000mg/200mg/1000mcg/1000mg/10..,25ml,-,40.0,44,36,32,28,"IF(ISNUMBER(F63),F63*1.1,""Call for info"")","IF(ISNUMBER(F63),F63*0.9,""Call for info"")","IF(ISNUMBER(F63),F63*0.8,""Call for info"")","IF(ISNUMBER(F63),F63*0.7,""Call for info"")",72,40,28,24,20,"IF(ISNUMBER(E72),E72*(1-$B$6),""Call for info"")","IF(ISNUMBER(E72),E72*(1-$B$7),""Call for info"")","IF(ISNUMBER(E72),E72*(1-$B$8),""Call for info"")"
SRC-003,f17b923ba37e1b62a9d7c19be4ff29799a05189d36e59874f78b08d8998d5d0c,Formulary Pricing,64,A64:J64,"IV, Wellness, & Metabolic Therapies - Injection",MICC - Methionine/Inositol/Choline Chloride/Cyanocobalamin Injection (PF),15mg/50mg/100mg/6mcg/ml,1ml,-,12.5,13.75,11.25,10,8.75,"IF(ISNUMBER(F64),F64*1.1,""Call for info"")","IF(ISNUMBER(F64),F64*0.9,""Call for info"")","IF(ISNUMBER(F64),F64*0.8,""Call for info"")","IF(ISNUMBER(F64),F64*0.7,""Call for info"")",73,12.5,8.75,7.5,6.25,"IF(ISNUMBER(E73),E73*(1-$B$6),""Call for info"")","IF(ISNUMBER(E73),E73*(1-$B$7),""Call for info"")","IF(ISNUMBER(E73),E73*(1-$B$8),""Call for info"")"
SRC-003,f17b923ba37e1b62a9d7c19be4ff29799a05189d36e59874f78b08d8998d5d0c,Formulary Pricing,65,A65:J65,"IV, Wellness, & Metabolic Therapies - Injection",MICC + Levocarnitine Injection (Methionine/Inositol/Choline Chloride/Cyanocobalamin/Levocarnitine) SDV,15mg/50mg/100mg/6mcg/125mg/ml,1ml,-,12.5,13.75,11.25,10,8.75,"IF(ISNUMBER(F65),F65*1.1,""Call for info"")","IF(ISNUMBER(F65),F65*0.9,""Call for info"")","IF(ISNUMBER(F65),F65*0.8,""Call for info"")","IF(ISNUMBER(F65),F65*0.7,""Call for info"")",74,12.5,8.75,7.5,6.25,"IF(ISNUMBER(E74),E74*(1-$B$6),""Call for info"")","IF(ISNUMBER(E74),E74*(1-$B$7),""Call for info"")","IF(ISNUMBER(E74),E74*(1-$B$8),""Call for info"")"
SRC-003,f17b923ba37e1b62a9d7c19be4ff29799a05189d36e59874f78b08d8998d5d0c,Formulary Pricing,66,A66:J66,"IV, Wellness, & Metabolic Therapies - Injection",NAD+ (Nicotinamide Adenine Dinucleotide) Injection MDV,50mg/ml,10ml,500mg,75.0,82.5,67.5,60,52.5,"IF(ISNUMBER(F66),F66*1.1,""Call for info"")","IF(ISNUMBER(F66),F66*0.9,""Call for info"")","IF(ISNUMBER(F66),F66*0.8,""Call for info"")","IF(ISNUMBER(F66),F66*0.7,""Call for info"")",75,75,52.5,45,37.5,"IF(ISNUMBER(E75),E75*(1-$B$6),""Call for info"")","IF(ISNUMBER(E75),E75*(1-$B$7),""Call for info"")","IF(ISNUMBER(E75),E75*(1-$B$8),""Call for info"")"
SRC-003,f17b923ba37e1b62a9d7c19be4ff29799a05189d36e59874f78b08d8998d5d0c,Formulary Pricing,67,A67:J67,"IV, Wellness, & Metabolic Therapies - Injection",Potassium Chloride Injection,150mg/ml,4ml,600mg,Call for info,Call for info,Call for info,Call for info,Call for info,"IF(ISNUMBER(F67),F67*1.1,""Call for info"")","IF(ISNUMBER(F67),F67*0.9,""Call for info"")","IF(ISNUMBER(F67),F67*0.8,""Call for info"")","IF(ISNUMBER(F67),F67*0.7,""Call for info"")",76,Call for info,Call for info,Call for info,Call for info,"IF(ISNUMBER(E76),E76*(1-$B$6),""Call for info"")","IF(ISNUMBER(E76),E76*(1-$B$7),""Call for info"")","IF(ISNUMBER(E76),E76*(1-$B$8),""Call for info"")"
SRC-003,f17b923ba37e1b62a9d7c19be4ff29799a05189d36e59874f78b08d8998d5d0c,Formulary Pricing,68,A68:J68,"IV, Wellness, & Metabolic Therapies - Injection",Pyridoxine HCL MDV Injection (commercial),100mg/ml,25ml,2500mg,350.0,385,315,280,245,"IF(ISNUMBER(F68),F68*1.1,""Call for info"")","IF(ISNUMBER(F68),F68*0.9,""Call for info"")","IF(ISNUMBER(F68),F68*0.8,""Call for info"")","IF(ISNUMBER(F68),F68*0.7,""Call for info"")",77,350,245,210,175,"IF(ISNUMBER(E77),E77*(1-$B$6),""Call for info"")","IF(ISNUMBER(E77),E77*(1-$B$7),""Call for info"")","IF(ISNUMBER(E77),E77*(1-$B$8),""Call for info"")"
SRC-003,f17b923ba37e1b62a9d7c19be4ff29799a05189d36e59874f78b08d8998d5d0c,Formulary Pricing,69,A69:J69,"IV, Wellness, & Metabolic Therapies - Injection",Pyridoxine/Thiamine HCL injection,100mg/100mg/ml,4ml,400mg/400mg,Call for info,Call for info,Call for info,Call for info,Call for info,"IF(ISNUMBER(F69),F69*1.1,""Call for info"")","IF(ISNUMBER(F69),F69*0.9,""Call for info"")","IF(ISNUMBER(F69),F69*0.8,""Call for info"")","IF(ISNUMBER(F69),F69*0.7,""Call for info"")",78,Call for info,Call for info,Call for info,Call for info,"IF(ISNUMBER(E78),E78*(1-$B$6),""Call for info"")","IF(ISNUMBER(E78),E78*(1-$B$7),""Call for info"")","IF(ISNUMBER(E78),E78*(1-$B$8),""Call for info"")"
SRC-003,f17b923ba37e1b62a9d7c19be4ff29799a05189d36e59874f78b08d8998d5d0c,Formulary Pricing,70,A70:J70,"IV, Wellness, & Metabolic Therapies - Injection",Sermorelin Injection MDV,2mg/ml,5ml,10mg,86.0,94.6,77.4,68.8,60.2,"IF(ISNUMBER(F70),F70*1.1,""Call for info"")","IF(ISNUMBER(F70),F70*0.9,""Call for info"")","IF(ISNUMBER(F70),F70*0.8,""Call for info"")","IF(ISNUMBER(F70),F70*0.7,""Call for info"")",79,86,60.2,51.6,43,"IF(ISNUMBER(E79),E79*(1-$B$6),""Call for info"")","IF(ISNUMBER(E79),E79*(1-$B$7),""Call for info"")","IF(ISNUMBER(E79),E79*(1-$B$8),""Call for info"")"
SRC-003,f17b923ba37e1b62a9d7c19be4ff29799a05189d36e59874f78b08d8998d5d0c,Formulary Pricing,71,A71:J71,"IV, Wellness, & Metabolic Therapies - Injection",Zinc 10mg/ml Injection,10mg/ml,10ml,100mg,Call for info,Call for info,Call for info,Call for info,Call for info,"IF(ISNUMBER(F71),F71*1.1,""Call for info"")","IF(ISNUMBER(F71),F71*0.9,""Call for info"")","IF(ISNUMBER(F71),F71*0.8,""Call for info"")","IF(ISNUMBER(F71),F71*0.7,""Call for info"")",80,Call for info,Call for info,Call for info,Call for info,"IF(ISNUMBER(E80),E80*(1-$B$6),""Call for info"")","IF(ISNUMBER(E80),E80*(1-$B$7),""Call for info"")","IF(ISNUMBER(E80),E80*(1-$B$8),""Call for info"")"
SRC-003,f17b923ba37e1b62a9d7c19be4ff29799a05189d36e59874f78b08d8998d5d0c,Formulary Pricing,72,A72:J72,"IV, Wellness, & Metabolic Therapies - Oral",Sermorelin Troche,200mcg,30,-,105.0,115.5,94.5,84,73.5,"IF(ISNUMBER(F72),F72*1.1,""Call for info"")","IF(ISNUMBER(F72),F72*0.9,""Call for info"")","IF(ISNUMBER(F72),F72*0.8,""Call for info"")","IF(ISNUMBER(F72),F72*0.7,""Call for info"")",81,105,73.5,63,52.5,"IF(ISNUMBER(E81),E81*(1-$B$6),""Call for info"")","IF(ISNUMBER(E81),E81*(1-$B$7),""Call for info"")","IF(ISNUMBER(E81),E81*(1-$B$8),""Call for info"")"
SRC-003,f17b923ba37e1b62a9d7c19be4ff29799a05189d36e59874f78b08d8998d5d0c,Formulary Pricing,73,A73:J73,"IV, Wellness, & Metabolic Therapies - Oral",Sermorelin Troche,400mcg,30,-,105.0,115.5,94.5,84,73.5,"IF(ISNUMBER(F73),F73*1.1,""Call for info"")","IF(ISNUMBER(F73),F73*0.9,""Call for info"")","IF(ISNUMBER(F73),F73*0.8,""Call for info"")","IF(ISNUMBER(F73),F73*0.7,""Call for info"")",82,105,73.5,63,52.5,"IF(ISNUMBER(E82),E82*(1-$B$6),""Call for info"")","IF(ISNUMBER(E82),E82*(1-$B$7),""Call for info"")","IF(ISNUMBER(E82),E82*(1-$B$8),""Call for info"")"
SRC-003,f17b923ba37e1b62a9d7c19be4ff29799a05189d36e59874f78b08d8998d5d0c,Formulary Pricing,74,A74:J74,"IV, Wellness, & Metabolic Therapies - Oral",Sermorelin Troche,600mcg,30,-,105.0,115.5,94.5,84,73.5,"IF(ISNUMBER(F74),F74*1.1,""Call for info"")","IF(ISNUMBER(F74),F74*0.9,""Call for info"")","IF(ISNUMBER(F74),F74*0.8,""Call for info"")","IF(ISNUMBER(F74),F74*0.7,""Call for info"")",83,105,73.5,63,52.5,"IF(ISNUMBER(E83),E83*(1-$B$6),""Call for info"")","IF(ISNUMBER(E83),E83*(1-$B$7),""Call for info"")","IF(ISNUMBER(E83),E83*(1-$B$8),""Call for info"")"
SRC-003,f17b923ba37e1b62a9d7c19be4ff29799a05189d36e59874f78b08d8998d5d0c,Formulary Pricing,75,A75:J75,"IV, Wellness, & Metabolic Therapies - Oral",Sermorelin Troche,800mcg,30,-,127.0,139.7,114.3,101.6,88.9,"IF(ISNUMBER(F75),F75*1.1,""Call for info"")","IF(ISNUMBER(F75),F75*0.9,""Call for info"")","IF(ISNUMBER(F75),F75*0.8,""Call for info"")","IF(ISNUMBER(F75),F75*0.7,""Call for info"")",84,127,88.9,76.2,63.5,"IF(ISNUMBER(E84),E84*(1-$B$6),""Call for info"")","IF(ISNUMBER(E84),E84*(1-$B$7),""Call for info"")","IF(ISNUMBER(E84),E84*(1-$B$8),""Call for info"")"
SRC-003,f17b923ba37e1b62a9d7c19be4ff29799a05189d36e59874f78b08d8998d5d0c,Formulary Pricing,76,A76:J76,Sexual Health - Injection,Bimix Injection MDV (Papaverine HCL/Phentolamine Mesylate),Custom,5ml,1mg,125.0,137.5,112.5,100,87.5,"IF(ISNUMBER(F76),F76*1.1,""Call for info"")","IF(ISNUMBER(F76),F76*0.9,""Call for info"")","IF(ISNUMBER(F76),F76*0.8,""Call for info"")","IF(ISNUMBER(F76),F76*0.7,""Call for info"")",85,125,87.5,75,62.5,"IF(ISNUMBER(E85),E85*(1-$B$6),""Call for info"")","IF(ISNUMBER(E85),E85*(1-$B$7),""Call for info"")","IF(ISNUMBER(E85),E85*(1-$B$8),""Call for info"")"
SRC-003,f17b923ba37e1b62a9d7c19be4ff29799a05189d36e59874f78b08d8998d5d0c,Formulary Pricing,77,A77:J77,Sexual Health - Injection,Trimix Injection MDV (Papaverine HCL/Phentolamine Mesylate/Alprostadil),Custom,5ml,2.5mg,125.0,137.5,112.5,100,87.5,"IF(ISNUMBER(F77),F77*1.1,""Call for info"")","IF(ISNUMBER(F77),F77*0.9,""Call for info"")","IF(ISNUMBER(F77),F77*0.8,""Call for info"")","IF(ISNUMBER(F77),F77*0.7,""Call for info"")",86,125,87.5,75,62.5,"IF(ISNUMBER(E86),E86*(1-$B$6),""Call for info"")","IF(ISNUMBER(E86),E86*(1-$B$7),""Call for info"")","IF(ISNUMBER(E86),E86*(1-$B$8),""Call for info"")"
SRC-003,f17b923ba37e1b62a9d7c19be4ff29799a05189d36e59874f78b08d8998d5d0c,Formulary Pricing,78,A78:J78,Sexual Health - Nasal & Oral,PT-141 (Bremelanotide) Nasal Spray,call for info,6ml,-,Call for info,Call for info,Call for info,Call for info,Call for info,"IF(ISNUMBER(F78),F78*1.1,""Call for info"")","IF(ISNUMBER(F78),F78*0.9,""Call for info"")","IF(ISNUMBER(F78),F78*0.8,""Call for info"")","IF(ISNUMBER(F78),F78*0.7,""Call for info"")",87,Call for info,Call for info,Call for info,Call for info,"IF(ISNUMBER(E87),E87*(1-$B$6),""Call for info"")","IF(ISNUMBER(E87),E87*(1-$B$7),""Call for info"")","IF(ISNUMBER(E87),E87*(1-$B$8),""Call for info"")"
SRC-003,f17b923ba37e1b62a9d7c19be4ff29799a05189d36e59874f78b08d8998d5d0c,Formulary Pricing,79,A79:J79,Sexual Health - Nasal & Oral,PT-141 (Bremelanotide) Troche,500mcg,Each,-,4.0,4.4,3.6,3.2,2.8,"IF(ISNUMBER(F79),F79*1.1,""Call for info"")","IF(ISNUMBER(F79),F79*0.9,""Call for info"")","IF(ISNUMBER(F79),F79*0.8,""Call for info"")","IF(ISNUMBER(F79),F79*0.7,""Call for info"")",88,4,2.8,2.4,2,"IF(ISNUMBER(E88),E88*(1-$B$6),""Call for info"")","IF(ISNUMBER(E88),E88*(1-$B$7),""Call for info"")","IF(ISNUMBER(E88),E88*(1-$B$8),""Call for info"")"
SRC-003,f17b923ba37e1b62a9d7c19be4ff29799a05189d36e59874f78b08d8998d5d0c,Formulary Pricing,80,A80:J80,Sexual Health - Nasal & Oral,PT-141 (Bremelanotide) Sublingual Solution,call for info,6ml,-,Call for info,Call for info,Call for info,Call for info,Call for info,"IF(ISNUMBER(F80),F80*1.1,""Call for info"")","IF(ISNUMBER(F80),F80*0.9,""Call for info"")","IF(ISNUMBER(F80),F80*0.8,""Call for info"")","IF(ISNUMBER(F80),F80*0.7,""Call for info"")",89,Call for info,Call for info,Call for info,Call for info,"IF(ISNUMBER(E89),E89*(1-$B$6),""Call for info"")","IF(ISNUMBER(E89),E89*(1-$B$7),""Call for info"")","IF(ISNUMBER(E89),E89*(1-$B$8),""Call for info"")"
SRC-003,f17b923ba37e1b62a9d7c19be4ff29799a05189d36e59874f78b08d8998d5d0c,Formulary Pricing,81,A81:J81,Sexual Health - Nasal & Oral,Sildenafil Troche,100mg,30,-,150.0,165,135,120,105,"IF(ISNUMBER(F81),F81*1.1,""Call for info"")","IF(ISNUMBER(F81),F81*0.9,""Call for info"")","IF(ISNUMBER(F81),F81*0.8,""Call for info"")","IF(ISNUMBER(F81),F81*0.7,""Call for info"")",90,150,105,90,75,"IF(ISNUMBER(E90),E90*(1-$B$6),""Call for info"")","IF(ISNUMBER(E90),E90*(1-$B$7),""Call for info"")","IF(ISNUMBER(E90),E90*(1-$B$8),""Call for info"")"
SRC-003,f17b923ba37e1b62a9d7c19be4ff29799a05189d36e59874f78b08d8998d5d0c,Formulary Pricing,82,A82:J82,Sexual Health - Nasal & Oral,Sildenafil/Tadalafil Troche,50mg/10mg,30,-,150.0,165,135,120,105,"IF(ISNUMBER(F82),F82*1.1,""Call for info"")","IF(ISNUMBER(F82),F82*0.9,""Call for info"")","IF(ISNUMBER(F82),F82*0.8,""Call for info"")","IF(ISNUMBER(F82),F82*0.7,""Call for info"")",91,150,105,90,75,"IF(ISNUMBER(E91),E91*(1-$B$6),""Call for info"")","IF(ISNUMBER(E91),E91*(1-$B$7),""Call for info"")","IF(ISNUMBER(E91),E91*(1-$B$8),""Call for info"")"
SRC-003,f17b923ba37e1b62a9d7c19be4ff29799a05189d36e59874f78b08d8998d5d0c,Formulary Pricing,83,A83:J83,Sexual Health - Nasal & Oral,Tadalafil Troche,10mg,30,-,60.0,66,54,48,42,"IF(ISNUMBER(F83),F83*1.1,""Call for info"")","IF(ISNUMBER(F83),F83*0.9,""Call for info"")","IF(ISNUMBER(F83),F83*0.8,""Call for info"")","IF(ISNUMBER(F83),F83*0.7,""Call for info"")",92,60,42,36,30,"IF(ISNUMBER(E92),E92*(1-$B$6),""Call for info"")","IF(ISNUMBER(E92),E92*(1-$B$7),""Call for info"")","IF(ISNUMBER(E92),E92*(1-$B$8),""Call for info"")"
SRC-003,f17b923ba37e1b62a9d7c19be4ff29799a05189d36e59874f78b08d8998d5d0c,Formulary Pricing,84,A84:J84,Sexual Health - Nasal & Oral,Tadalafil Troche,20mg,30,-,75.0,82.5,67.5,60,52.5,"IF(ISNUMBER(F84),F84*1.1,""Call for info"")","IF(ISNUMBER(F84),F84*0.9,""Call for info"")","IF(ISNUMBER(F84),F84*0.8,""Call for info"")","IF(ISNUMBER(F84),F84*0.7,""Call for info"")",93,75,52.5,45,37.5,"IF(ISNUMBER(E93),E93*(1-$B$6),""Call for info"")","IF(ISNUMBER(E93),E93*(1-$B$7),""Call for info"")","IF(ISNUMBER(E93),E93*(1-$B$8),""Call for info"")"
SRC-003,f17b923ba37e1b62a9d7c19be4ff29799a05189d36e59874f78b08d8998d5d0c,Formulary Pricing,85,A85:J85,Sexual Health - Topical,Scream Cream (Arginine/Sildenafil/Theophylline),6%/2%/2.5%,20gm,-,50.0,55,45,40,35,"IF(ISNUMBER(F85),F85*1.1,""Call for info"")","IF(ISNUMBER(F85),F85*0.9,""Call for info"")","IF(ISNUMBER(F85),F85*0.8,""Call for info"")","IF(ISNUMBER(F85),F85*0.7,""Call for info"")",94,50,35,30,25,"IF(ISNUMBER(E94),E94*(1-$B$6),""Call for info"")","IF(ISNUMBER(E94),E94*(1-$B$7),""Call for info"")","IF(ISNUMBER(E94),E94*(1-$B$8),""Call for info"")"
SRC-003,f17b923ba37e1b62a9d7c19be4ff29799a05189d36e59874f78b08d8998d5d0c,Formulary Pricing,86,A86:J86,Ketamine Therapy - Nasal,Ketamine Nasal Spray,100mg/ml,5ml,500mg,67.0,73.7,60.3,53.6,46.9,"IF(ISNUMBER(F86),F86*1.1,""Call for info"")","IF(ISNUMBER(F86),F86*0.9,""Call for info"")","IF(ISNUMBER(F86),F86*0.8,""Call for info"")","IF(ISNUMBER(F86),F86*0.7,""Call for info"")",95,67,46.9,40.2,33.5,"IF(ISNUMBER(E95),E95*(1-$B$6),""Call for info"")","IF(ISNUMBER(E95),E95*(1-$B$7),""Call for info"")","IF(ISNUMBER(E95),E95*(1-$B$8),""Call for info"")"
SRC-003,f17b923ba37e1b62a9d7c19be4ff29799a05189d36e59874f78b08d8998d5d0c,Formulary Pricing,87,A87:J87,Ketamine Therapy - Nasal,Ketamine Nasal Spray,100mg/ml,10ml,1000mg,75.0,82.5,67.5,60,52.5,"IF(ISNUMBER(F87),F87*1.1,""Call for info"")","IF(ISNUMBER(F87),F87*0.9,""Call for info"")","IF(ISNUMBER(F87),F87*0.8,""Call for info"")","IF(ISNUMBER(F87),F87*0.7,""Call for info"")",96,75,52.5,45,37.5,"IF(ISNUMBER(E96),E96*(1-$B$6),""Call for info"")","IF(ISNUMBER(E96),E96*(1-$B$7),""Call for info"")","IF(ISNUMBER(E96),E96*(1-$B$8),""Call for info"")"
SRC-003,f17b923ba37e1b62a9d7c19be4ff29799a05189d36e59874f78b08d8998d5d0c,Formulary Pricing,88,A88:J88,Ketamine Therapy - Oral,Ketamine Capsules,call for info,Each,-,1.45,1.595,1.305,1.16,1.015,"IF(ISNUMBER(F88),F88*1.1,""Call for info"")","IF(ISNUMBER(F88),F88*0.9,""Call for info"")","IF(ISNUMBER(F88),F88*0.8,""Call for info"")","IF(ISNUMBER(F88),F88*0.7,""Call for info"")",97,1.45,1.015,0.87,0.725,"IF(ISNUMBER(E97),E97*(1-$B$6),""Call for info"")","IF(ISNUMBER(E97),E97*(1-$B$7),""Call for info"")","IF(ISNUMBER(E97),E97*(1-$B$8),""Call for info"")"
SRC-003,f17b923ba37e1b62a9d7c19be4ff29799a05189d36e59874f78b08d8998d5d0c,Formulary Pricing,89,A89:J89,Ketamine Therapy - Oral,Ketamine Troche,call for info,Each,-,1.45,1.595,1.305,1.16,1.015,"IF(ISNUMBER(F89),F89*1.1,""Call for info"")","IF(ISNUMBER(F89),F89*0.9,""Call for info"")","IF(ISNUMBER(F89),F89*0.8,""Call for info"")","IF(ISNUMBER(F89),F89*0.7,""Call for info"")",98,1.45,1.015,0.87,0.725,"IF(ISNUMBER(E98),E98*(1-$B$6),""Call for info"")","IF(ISNUMBER(E98),E98*(1-$B$7),""Call for info"")","IF(ISNUMBER(E98),E98*(1-$B$8),""Call for info"")"
SRC-003,f17b923ba37e1b62a9d7c19be4ff29799a05189d36e59874f78b08d8998d5d0c,Formulary Pricing,90,A90:J90,Ketamine Therapy - Oral,Ketamine/NAD/Oxytocin Troche,100mg/50mg/100iu,Each,-,4.0,4.4,3.6,3.2,2.8,"IF(ISNUMBER(F90),F90*1.1,""Call for info"")","IF(ISNUMBER(F90),F90*0.9,""Call for info"")","IF(ISNUMBER(F90),F90*0.8,""Call for info"")","IF(ISNUMBER(F90),F90*0.7,""Call for info"")",99,4,2.8,2.4,2,"IF(ISNUMBER(E99),E99*(1-$B$6),""Call for info"")","IF(ISNUMBER(E99),E99*(1-$B$7),""Call for info"")","IF(ISNUMBER(E99),E99*(1-$B$8),""Call for info"")"
SRC-003,f17b923ba37e1b62a9d7c19be4ff29799a05189d36e59874f78b08d8998d5d0c,Formulary Pricing,91,A91:J91,Dermatology - Topical,Azelaic Acid in Anhydrous Base,15%,50gm,-,58.0,63.8,52.2,46.4,40.6,"IF(ISNUMBER(F91),F91*1.1,""Call for info"")","IF(ISNUMBER(F91),F91*0.9,""Call for info"")","IF(ISNUMBER(F91),F91*0.8,""Call for info"")","IF(ISNUMBER(F91),F91*0.7,""Call for info"")",100,58,40.6,34.8,29,"IF(ISNUMBER(E100),E100*(1-$B$6),""Call for info"")","IF(ISNUMBER(E100),E100*(1-$B$7),""Call for info"")","IF(ISNUMBER(E100),E100*(1-$B$8),""Call for info"")"
SRC-003,f17b923ba37e1b62a9d7c19be4ff29799a05189d36e59874f78b08d8998d5d0c,Formulary Pricing,92,A92:J92,Dermatology - Topical,Azelaic Acid,20%,45gm,-,60.0,66,54,48,42,"IF(ISNUMBER(F92),F92*1.1,""Call for info"")","IF(ISNUMBER(F92),F92*0.9,""Call for info"")","IF(ISNUMBER(F92),F92*0.8,""Call for info"")","IF(ISNUMBER(F92),F92*0.7,""Call for info"")",101,60,42,36,30,"IF(ISNUMBER(E101),E101*(1-$B$6),""Call for info"")","IF(ISNUMBER(E101),E101*(1-$B$7),""Call for info"")","IF(ISNUMBER(E101),E101*(1-$B$8),""Call for info"")"
SRC-003,f17b923ba37e1b62a9d7c19be4ff29799a05189d36e59874f78b08d8998d5d0c,Formulary Pricing,93,A93:J93,Dermatology - Topical,Azelaic Acid/Kojic Acid/Niacinamide Cream,15%/4%/4%,45gm,-,75.0,82.5,67.5,60,52.5,"IF(ISNUMBER(F93),F93*1.1,""Call for info"")","IF(ISNUMBER(F93),F93*0.9,""Call for info"")","IF(ISNUMBER(F93),F93*0.8,""Call for info"")","IF(ISNUMBER(F93),F93*0.7,""Call for info"")",102,75,52.5,45,37.5,"IF(ISNUMBER(E102),E102*(1-$B$6),""Call for info"")","IF(ISNUMBER(E102),E102*(1-$B$7),""Call for info"")","IF(ISNUMBER(E102),E102*(1-$B$8),""Call for info"")"
SRC-003,f17b923ba37e1b62a9d7c19be4ff29799a05189d36e59874f78b08d8998d5d0c,Formulary Pricing,94,A94:J94,Dermatology - Topical,Pain Cream,<59 grams,<59gm,-,55.0,60.5,49.5,44,38.5,"IF(ISNUMBER(F94),F94*1.1,""Call for info"")","IF(ISNUMBER(F94),F94*0.9,""Call for info"")","IF(ISNUMBER(F94),F94*0.8,""Call for info"")","IF(ISNUMBER(F94),F94*0.7,""Call for info"")",103,55,38.5,33,27.5,"IF(ISNUMBER(E103),E103*(1-$B$6),""Call for info"")","IF(ISNUMBER(E103),E103*(1-$B$7),""Call for info"")","IF(ISNUMBER(E103),E103*(1-$B$8),""Call for info"")"
SRC-003,f17b923ba37e1b62a9d7c19be4ff29799a05189d36e59874f78b08d8998d5d0c,Formulary Pricing,95,A95:J95,Dermatology - Topical,Pain Cream,call for info,>60gm,-,78.0,85.8,70.2,62.4,54.6,"IF(ISNUMBER(F95),F95*1.1,""Call for info"")","IF(ISNUMBER(F95),F95*0.9,""Call for info"")","IF(ISNUMBER(F95),F95*0.8,""Call for info"")","IF(ISNUMBER(F95),F95*0.7,""Call for info"")",104,78,54.6,46.8,39,"IF(ISNUMBER(E104),E104*(1-$B$6),""Call for info"")","IF(ISNUMBER(E104),E104*(1-$B$7),""Call for info"")","IF(ISNUMBER(E104),E104*(1-$B$8),""Call for info"")"
SRC-003,f17b923ba37e1b62a9d7c19be4ff29799a05189d36e59874f78b08d8998d5d0c,Formulary Pricing,96,A96:J96,Dermatology - Topical,Tretinoin in Anhydrous Base,0.025%-0.1%,"15, 30 or 45gm",-,55.0,60.5,49.5,44,38.5,"IF(ISNUMBER(F96),F96*1.1,""Call for info"")","IF(ISNUMBER(F96),F96*0.9,""Call for info"")","IF(ISNUMBER(F96),F96*0.8,""Call for info"")","IF(ISNUMBER(F96),F96*0.7,""Call for info"")",105,55,38.5,33,27.5,"IF(ISNUMBER(E105),E105*(1-$B$6),""Call for info"")","IF(ISNUMBER(E105),E105*(1-$B$7),""Call for info"")","IF(ISNUMBER(E105),E105*(1-$B$8),""Call for info"")"
SRC-003,f17b923ba37e1b62a9d7c19be4ff29799a05189d36e59874f78b08d8998d5d0c,Formulary Pricing,97,A97:J97,Dermatology - Topical,Hydroquinone in Anhydrous Base,4-10%,45gm,-,55.0,60.5,49.5,44,38.5,"IF(ISNUMBER(F97),F97*1.1,""Call for info"")","IF(ISNUMBER(F97),F97*0.9,""Call for info"")","IF(ISNUMBER(F97),F97*0.8,""Call for info"")","IF(ISNUMBER(F97),F97*0.7,""Call for info"")",106,55,38.5,33,27.5,"IF(ISNUMBER(E106),E106*(1-$B$6),""Call for info"")","IF(ISNUMBER(E106),E106*(1-$B$7),""Call for info"")","IF(ISNUMBER(E106),E106*(1-$B$8),""Call for info"")"
SRC-003,f17b923ba37e1b62a9d7c19be4ff29799a05189d36e59874f78b08d8998d5d0c,Formulary Pricing,98,A98:J98,Hair Restoration - Topical,Finasteride/Minoxidil Foam,-,-,-,Call for info,Call for info,Call for info,Call for info,Call for info,"IF(ISNUMBER(F98),F98*1.1,""Call for info"")","IF(ISNUMBER(F98),F98*0.9,""Call for info"")","IF(ISNUMBER(F98),F98*0.8,""Call for info"")","IF(ISNUMBER(F98),F98*0.7,""Call for info"")",107,Call for info,Call for info,Call for info,Call for info,"IF(ISNUMBER(E107),E107*(1-$B$6),""Call for info"")","IF(ISNUMBER(E107),E107*(1-$B$7),""Call for info"")","IF(ISNUMBER(E107),E107*(1-$B$8),""Call for info"")"
SRC-003,f17b923ba37e1b62a9d7c19be4ff29799a05189d36e59874f78b08d8998d5d0c,Formulary Pricing,99,A99:J99,Hair Restoration - Topical,Finasteride/Minoxidil/Latanoprost Foam,0.25%/10%/0.1%,30 Days,-,225.0,247.5,202.5,180,157.5,"IF(ISNUMBER(F99),F99*1.1,""Call for info"")","IF(ISNUMBER(F99),F99*0.9,""Call for info"")","IF(ISNUMBER(F99),F99*0.8,""Call for info"")","IF(ISNUMBER(F99),F99*0.7,""Call for info"")",108,225,157.5,135,112.5,"IF(ISNUMBER(E108),E108*(1-$B$6),""Call for info"")","IF(ISNUMBER(E108),E108*(1-$B$7),""Call for info"")","IF(ISNUMBER(E108),E108*(1-$B$8),""Call for info"")"
SRC-003,f17b923ba37e1b62a9d7c19be4ff29799a05189d36e59874f78b08d8998d5d0c,Formulary Pricing,100,A100:J100,Hair Restoration - Topical,Dutasteride 0.05% Solution,0.05%,15ml,-,118.0,129.8,106.2,94.4,82.6,"IF(ISNUMBER(F100),F100*1.1,""Call for info"")","IF(ISNUMBER(F100),F100*0.9,""Call for info"")","IF(ISNUMBER(F100),F100*0.8,""Call for info"")","IF(ISNUMBER(F100),F100*0.7,""Call for info"")",109,118,82.6,70.8,59,"IF(ISNUMBER(E109),E109*(1-$B$6),""Call for info"")","IF(ISNUMBER(E109),E109*(1-$B$7),""Call for info"")","IF(ISNUMBER(E109),E109*(1-$B$8),""Call for info"")"
SRC-003,f17b923ba37e1b62a9d7c19be4ff29799a05189d36e59874f78b08d8998d5d0c,Formulary Pricing,101,A101:J101,Hair Restoration - Topical,"Hair Loss Treatment Kit (Dutasteride Solution, Minoxidil Lotion in Atrevis Hydrogel, Ketoconazole Shampoo)","0.05%, 10%, 2%","15ml, 90gm, 120",-,250.0,275,225,200,175,"IF(ISNUMBER(F101),F101*1.1,""Call for info"")","IF(ISNUMBER(F101),F101*0.9,""Call for info"")","IF(ISNUMBER(F101),F101*0.8,""Call for info"")","IF(ISNUMBER(F101),F101*0.7,""Call for info"")",110,250,175,150,125,"IF(ISNUMBER(E110),E110*(1-$B$6),""Call for info"")","IF(ISNUMBER(E110),E110*(1-$B$7),""Call for info"")","IF(ISNUMBER(E110),E110*(1-$B$8),""Call for info"")"
SRC-003,f17b923ba37e1b62a9d7c19be4ff29799a05189d36e59874f78b08d8998d5d0c,Formulary Pricing,102,A102:J102,Hair Restoration - Topical,Minoxidil Cream,5%-10%,-,-,50.0,55,45,40,35,"IF(ISNUMBER(F102),F102*1.1,""Call for info"")","IF(ISNUMBER(F102),F102*0.9,""Call for info"")","IF(ISNUMBER(F102),F102*0.8,""Call for info"")","IF(ISNUMBER(F102),F102*0.7,""Call for info"")",111,50,35,30,25,"IF(ISNUMBER(E111),E111*(1-$B$6),""Call for info"")","IF(ISNUMBER(E111),E111*(1-$B$7),""Call for info"")","IF(ISNUMBER(E111),E111*(1-$B$8),""Call for info"")"
SRC-003,f17b923ba37e1b62a9d7c19be4ff29799a05189d36e59874f78b08d8998d5d0c,Formulary Pricing,103,A103:J103,Hair Restoration - Oral,Minoxidil Capsules,1mg,Each,-,1.0,1.1,0.9,0.8,0.7,"IF(ISNUMBER(F103),F103*1.1,""Call for info"")","IF(ISNUMBER(F103),F103*0.9,""Call for info"")","IF(ISNUMBER(F103),F103*0.8,""Call for info"")","IF(ISNUMBER(F103),F103*0.7,""Call for info"")",112,1,0.7,0.6,0.5,"IF(ISNUMBER(E112),E112*(1-$B$6),""Call for info"")","IF(ISNUMBER(E112),E112*(1-$B$7),""Call for info"")","IF(ISNUMBER(E112),E112*(1-$B$8),""Call for info"")"
SRC-003,f17b923ba37e1b62a9d7c19be4ff29799a05189d36e59874f78b08d8998d5d0c,Formulary Pricing,104,A104:J104,Hair Restoration - Oral,Minoxidil Capsules,2.5mg,Each,-,1.45,1.595,1.305,1.16,1.015,"IF(ISNUMBER(F104),F104*1.1,""Call for info"")","IF(ISNUMBER(F104),F104*0.9,""Call for info"")","IF(ISNUMBER(F104),F104*0.8,""Call for info"")","IF(ISNUMBER(F104),F104*0.7,""Call for info"")",113,1.45,1.015,0.87,0.725,"IF(ISNUMBER(E113),E113*(1-$B$6),""Call for info"")","IF(ISNUMBER(E113),E113*(1-$B$7),""Call for info"")","IF(ISNUMBER(E113),E113*(1-$B$8),""Call for info"")"
SRC-003,f17b923ba37e1b62a9d7c19be4ff29799a05189d36e59874f78b08d8998d5d0c,Formulary Pricing,105,A105:J105,Hair Restoration - Oral,Minoxidil Troche,0.25mg - 1mg,Each,-,1.0,1.1,0.9,0.8,0.7,"IF(ISNUMBER(F105),F105*1.1,""Call for info"")","IF(ISNUMBER(F105),F105*0.9,""Call for info"")","IF(ISNUMBER(F105),F105*0.8,""Call for info"")","IF(ISNUMBER(F105),F105*0.7,""Call for info"")",114,1,0.7,0.6,0.5,"IF(ISNUMBER(E114),E114*(1-$B$6),""Call for info"")","IF(ISNUMBER(E114),E114*(1-$B$7),""Call for info"")","IF(ISNUMBER(E114),E114*(1-$B$8),""Call for info"")"
SRC-003,f17b923ba37e1b62a9d7c19be4ff29799a05189d36e59874f78b08d8998d5d0c,Formulary Pricing,106,A106:J106,Hair Restoration - Oral,Minoxidil/Finasteride Capsules,call for info,call for info,-,Call for info,Call for info,Call for info,Call for info,Call for info,"IF(ISNUMBER(F106),F106*1.1,""Call for info"")","IF(ISNUMBER(F106),F106*0.9,""Call for info"")","IF(ISNUMBER(F106),F106*0.8,""Call for info"")","IF(ISNUMBER(F106),F106*0.7,""Call for info"")",115,Call for info,Call for info,Call for info,Call for info,"IF(ISNUMBER(E115),E115*(1-$B$6),""Call for info"")","IF(ISNUMBER(E115),E115*(1-$B$7),""Call for info"")","IF(ISNUMBER(E115),E115*(1-$B$8),""Call for info"")"
SRC-003,f17b923ba37e1b62a9d7c19be4ff29799a05189d36e59874f78b08d8998d5d0c,Formulary Pricing,107,A107:J107,Hair Restoration - Oral,Minoxidil/Finasteride Troche,call for info,call for info,-,Call for info,Call for info,Call for info,Call for info,Call for info,"IF(ISNUMBER(F107),F107*1.1,""Call for info"")","IF(ISNUMBER(F107),F107*0.9,""Call for info"")","IF(ISNUMBER(F107),F107*0.8,""Call for info"")","IF(ISNUMBER(F107),F107*0.7,""Call for info"")",116,Call for info,Call for info,Call for info,Call for info,"IF(ISNUMBER(E116),E116*(1-$B$6),""Call for info"")","IF(ISNUMBER(E116),E116*(1-$B$7),""Call for info"")","IF(ISNUMBER(E116),E116*(1-$B$8),""Call for info"")"
